Fund,N,AnnReturn,CAGR,Flag,ETL_1,ETL_5,mu,omega,alpha1,gamma1,beta1,skew,shape
FADMX,1769,0.0326272585649909,0.0318973015685451,0,-0.24321841827525,-0.153585349702672,0.000203526475962484,-0.19658435655688,-0.0519022363838265,0.204773345649822,0.98381688254549,-0.0512217533425157,1.78658277811922
FAGIX,11425,0.0914868900551935,0.0929438063293686,0,-0.334783090640753,-0.241564263279744,2.62232621346335e-05,-0.0177446494766673,-0.0289079974861956,0.0381685262213891,0.998149325431298,-0.0361207530279247,0.25
FAMRX,6438,0.0655239093847053,0.0501002935760142,0,-0.46641264389493,-0.316480188644309,0.0002948438074819,-0.153152001730964,-0.118552487938847,0.150721759283249,0.983842739483855,-0.268671100210654,2.84521678260462
FAPGX,763,0.0419934548285766,0.0428337578913276,0,-1,-1,-0.00239952765165424,-2.16864323458013,1.50564554053721,2.11579699184224,0.825002594721657,-0.143926878154184,3.31046544399992
FAPHX,730,0.0785974304814338,0.0676348004663641,0,-0.402393453935249,-0.287579147526242,0.000242203112781498,-0.305292239861112,-0.143551979114948,0.083167085658248,0.967641004345598,-0.123675180743301,3.88188214566044
FAPSX,662,0.0590033316352138,0.0527794907931425,0,-0.33695859391391,-0.241603009286136,0.000120219067891847,-0.20361996685848,-0.075847068629819,0.100099237664086,0.97944058775275,-0.0857891194411224,1.36722607925187
FARMX,1266,0.12698087074538,0.111758307826252,0,-0.311387174563154,-0.244188756363722,0.000185929338496247,-0.275528672917376,-0.0594542782251628,0.144404877824689,0.968690068537871,-0.14527058949877,3.31460902125726
FASGX,8393,0.0737558619353972,0.0669445136649498,0,-0.371219795955323,-0.239631478074397,0.000299315537193817,-0.172240130526204,-0.103170975019267,0.145446974583893,0.982828270527399,-0.251660303501701,2.55622046606262
FASIX,7391,0.0484734625675517,0.0485257983485867,0,-0.223900239451664,-0.134940587669378,0.000168773840941023,-0.0969025713555596,-0.058066586751201,0.115199021355685,0.991866106847738,-0.227126925433193,2.65152006407225
FASMX,9152,0.0736251014872602,0.0716363415859167,0,-0.309148696722129,-0.188283804961002,0.000308902438464208,-0.145635580147686,-0.0805720183567123,0.145660461122693,0.986420464615096,-0.223347622566665,2.48004261059467
FBAGX,806,0.00466735023985665,0.00279295643231903,0,-0.157677624994065,-0.12552422759613,-2.12092338054693e-05,-4.04598081416197,0.0463450783504403,0.0961490738258202,0.636097174111333,-0.0247795410353896,13.9065558111888
FBALX,9693,0.089755048647284,0.086924768596564,0,-0.357150433699182,-0.223026785902225,0.000344025215019383,-0.144112402905161,-0.0805057943459566,0.163702988328758,0.986093487801643,-0.226079547995005,2.36373222723886
FBCVX,5613,0.0555974014107381,0.0357323521007755,0,-0.286401814980043,-0.169316725309452,0.000416922318426731,-0.319320569339606,-0.126025999733307,0.138286296240545,0.966372862492803,-0.221809264806736,1.60625023064155
FBGRX,9403,0.119631421070919,0.104076818321079,0,-0.457703324669029,-0.316324457590523,0.000397792084949705,-0.19195723596996,-0.108893690843296,0.155124556244484,0.978825150386229,-0.258882810700148,2.65868473331376
FBIFX,3916,0.087183788122192,0.0797373002569035,0,-0.300467872336748,-0.199575356128225,0.000247339079545855,-0.304007357701057,-0.156553455911786,0.16120728312026,0.969014158659808,-0.279561312737585,2.25891616194375
FBIIX,1395,0.00500342268949699,0.00440616939059613,0,-0.131396839672508,-0.091799779734877,6.98336464108172e-05,-0.208833357653669,-0.0270258048977788,0.150992791521882,0.983155448745694,-0.00416534730793694,4.54042093148917
FBIOX,9919,0.113012650224217,0.0798947086262265,0,-0.534252987106459,-0.392037562644106,0.000527349572636389,-0.133182652041076,-0.049589528243668,0.174434811005466,0.98440330750028,-0.147519364140674,2.50920092883602
FBMPX,9784,0.11862408642156,0.10130361294802,0,-0.520189825680632,-0.368915148340128,0.000536136809536615,-0.164394924719842,-0.0769308668920418,0.173115888148554,0.981980472010351,-0.179604979484111,2.07726236882293
FBNDX,11425,0.0615558923485162,0.0619657402217813,0,-0.144967980362947,-0.0907578527214873,0.000246225186973038,-0.0573765247288169,-0.0175582920972139,0.0877556631660147,0.995051309251888,0.111310054311294,1.18039487786652
FBSOX,6851,0.114076448785632,0.093430950332414,0,-0.475656012649727,-0.331937950008248,0.000435443120096929,-0.198694123824692,-0.118048979767748,0.144582770503447,0.977776987640232,-0.213027884050756,3.23138414527308
FCAEX,973,0.0310069927494284,0.0111485969516136,0,-0.424871372940669,-0.33006314331067,0.000137564456797405,-0.254810348546194,-0.132726505821263,0.0869325045623552,0.9715156291645,-0.212014160126127,4.40996867938964
FCBFX,3770,0.03889133208389,0.0380170317956283,0,-0.18197556277347,-0.118575785950709,0.000190910869115842,-0.113620554084137,-0.0153667863169916,0.119366993095263,0.99020882143054,-0.151245548305049,4.6623975199428
FCNTX,11425,0.114718192807992,0.104690169896554,0,-0.38558756825649,-0.255915739685202,0.000474336250721877,-0.303598551673822,-0.091233308066328,0.175314085040961,0.967873850597137,-0.243191088625442,1.71053353857378
FCNVX,3502,0.0177274332120527,0.0178509133799649,1,0.000261391765513981,0.000669396402587046,8.76806694332541e-06,-0.257307403649023,-0.0184490224572899,0.0349036298122771,0.988188768707834,0.436167386881917,0.25
FCPVX,5153,0.0917252454805114,0.0657727602908231,0,-0.607559684247162,-0.427795185842557,0.00021596111911961,-0.121155980730452,-0.100306326443857,0.148609517006393,0.986341051796704,-0.220391027806918,3.7694418787234
FCSTX,4907,0.0228161620737161,0.0228935881149313,0,-0.112482930687057,-0.0781059223015446,5.28707728000564e-05,-0.0528479733637679,-0.0705693720075603,0.201870036220046,0.997885427246437,0.198295513579103,0.25
FCTFX,10286,0.053524341613942,0.0540962005188543,0,-0.189905129740114,-0.122971962696324,0.000293990558828211,-0.33425859181431,-0.0687808656875723,0.258410093583038,0.972950203245018,0.238001165286179,0.355405387420259
FCVSX,9654,0.0978298546945094,0.0921088685663762,0,-0.496832096339802,-0.321141924884907,0.000505566629004354,-0.120921432266017,-0.0506378943248201,0.185094275536771,0.988077996969446,-0.306297226999588,2.75151181819462
FCYIX,7086,0.0962920685533962,0.0755336167343534,0,-0.548314504149232,-0.392929963536852,0.000301898746782291,-0.175195846051313,-0.108859839387059,0.129188685069888,0.980408193851923,-0.235040326298131,2.85437899262234
FDCAX,9679,0.107550368219398,0.0925959990496399,0,-0.46854443740794,-0.324234318556072,0.000478691522615638,-0.181826821980438,-0.0887480907592497,0.188810254069888,0.980489771133463,-0.255972921187704,2.52608576076305
FDCPX,10016,0.118271571844034,0.0849134286049258,0,-0.592792851652239,-0.436106681066351,0.000622764105910168,-0.133949975862109,-0.0658053716663302,0.152113170469558,0.98430767857682,-0.201206455642887,3.29838818613905
FDEEX,3498,0.0831185937543533,0.0741429861616572,0,-0.320278840352113,-0.218311866320935,0.000255500258751925,-0.307589139631999,-0.146849034090505,0.177786251139002,0.968334554578373,-0.295478606554952,2.61024926180526
FDEGX,8646,0.0908046244207187,0.0627748940048085,0,-0.573099426250138,-0.41682672877192,0.000415769446183883,-0.145094374820628,-0.0902841559481831,0.1690140331799,0.983534457896514,-0.296911937625257,3.65272642079565
FDEQX,9152,0.100276507874813,0.0869254436888931,0,-0.406046639445691,-0.270390308304106,0.000344777256413609,-0.246672684720307,-0.127761827189918,0.160843521806571,0.973542254882783,-0.27405025302267,2.68770787881539
FDEWX,3497,0.0820277879487046,0.0734640676382126,0,-0.316701043794603,-0.210079623966201,0.000228562803031412,-0.278893280449646,-0.152521984161535,0.163515464650401,0.971500830762596,-0.295499698796263,2.53271777749394
FDFAX,10016,0.108760639256864,0.103984123882489,0,-0.31293955789286,-0.207407511823387,0.000447531439140995,-0.292288551090426,-0.0760239733944895,0.163586714781983,0.97031250571542,-0.179535954768927,2.36345992349865
FDGFX,7498,0.0918679868979397,0.0739652236183019,0,-0.5055175103175,-0.342059776710331,0.00032363268237682,-0.159367622216161,-0.120583839140398,0.153578354409108,0.982835619176386,-0.233489662792251,2.53229508880055
FDIVX,8394,0.0767395803060809,0.0643338616834939,0,-0.492757271014425,-0.331986805548492,0.000361029884426398,-0.177580307217778,-0.0731753457398327,0.15893213965651,0.981410133877122,-0.214577816825528,2.38184263156446
FDKLX,2694,0.0801621035933199,0.0710199324711267,0,-0.327027584137852,-0.223641187999588,0.000219627824001333,-0.312865990737552,-0.155762123510566,0.187910836253156,0.967928224494506,-0.297870555071182,2.6012076182598
FDKVX,2694,0.0824717324113439,0.0731955182986093,0,-0.327647604986485,-0.224846401241378,0.00026048790799697,-0.328609086545153,-0.149051113545772,0.196421602314112,0.966123998633655,-0.301219317683015,2.83107180397932
FDLSX,10325,0.127198177185834,0.113424531600872,0,-0.446800160470732,-0.302366030727112,0.000594892120576176,-0.207942785425498,-0.0797459888047975,0.18110556063997,0.977554005671252,-0.197967463523111,2.24333705689435
FDMMX,10448,0.0521683876323454,0.0527190128920654,0,-0.170530219523504,-0.109790293296932,0.00027614851161253,-0.372705351711391,-0.0719074747959238,0.248221051793632,0.96981909600116,0.241624741794794,0.291769089638152
FDSCX,7391,0.0771287822369993,0.0546977782799643,0,-0.520110497143976,-0.372528538543656,0.000380149210323226,-0.220707422760241,-0.106497999597008,0.16750254727551,0.975570353058441,-0.28617743876005,4.95372776033829
FDSSX,8709,0.101162264991519,0.0873863394186407,0,-0.431706453428883,-0.286273158342385,0.000364693678857774,-0.213564899342125,-0.120176153874162,0.158855333576989,0.977119364900302,-0.286825040267172,3.05801973372357
FDSVX,6813,0.0878528564986824,0.067637028528454,0,-0.497771305219307,-0.346862291713369,0.00031737885470827,-0.217798748184615,-0.123640665063301,0.17094970984052,0.975988649312694,-0.318496355577056,2.9142112789182
FDVLX,11425,0.100273097460584,0.0855696913476365,0,-0.543794268810065,-0.378740199691072,0.00046144135608369,-0.109559238418531,-0.0542553784132738,0.134606297082329,0.988423520663028,-0.227365146488893,1.92370218554536
FECGX,1455,0.0485232966095716,0.00820273925052861,0,-0.539861284184115,-0.419163658845673,0.00013193605055867,-0.26903237422312,-0.0960426549056797,0.184045237533804,0.96796616557892,-0.187838868135106,5.08917265711343
FEDDX,3391,0.0583673554303215,0.0482333708489569,0,-0.39421452847641,-0.289253016457602,0.000210715463141985,-0.298726243370723,-0.0716733789809525,0.176125629008751,0.969003924197149,-0.271360336840304,2.68564327877839
FEMKX,8686,0.0505232989276832,0.0309080367250036,0,-0.653248633107004,-0.483658894007592,0.000349882590685431,-0.183838423611471,-0.0542042929548746,0.191724836177768,0.979988278737971,-0.186647854849761,1.93364594517039
FEMNX,207,-0.0220904049704307,-0.0231063984489495,0,-0.143788127386084,-0.114688467662481,-6.00340954890956e-05,-1.01317059783067,-0.0069175991308684,0.216002579050213,0.912470498180678,-0.297274210149924,3.54976425243811
FEOPX,1377,0.0905293163290531,0.0701095991471112,0,-0.442552539463299,-0.323329246386121,0.000378186115672803,-0.235293235909059,-0.13686525177052,0.163031167360148,0.974070497620793,-0.326816926792321,3.23600887397235
FEQHX,662,0.0974232965213933,0.0946278406249204,0,-0.258171994931993,-0.171885755703384,0.000377691040047974,-0.221360904643088,-0.0768699857383749,0.0744447054361264,0.97777758466009,-0.0422065513224878,2.94693909678147
FEQIX,11425,0.0919574898509463,0.0814491279105434,0,-0.381725173419815,-0.250297797975168,0.000412899639723469,-0.145551877001811,-0.0647063822912653,0.136775656975116,0.985076854413271,-0.199527809130704,1.4518772082219
FEQTX,8736,0.0934452713546884,0.0807279140182386,0,-0.426274091707098,-0.270173370080405,0.000403892967879796,-0.141151003765105,-0.0968399941185602,0.161422070241158,0.985348290640482,-0.197123230341182,2.59660499781424
FFANX,4415,0.0473384900076426,0.0448094588726049,0,-0.320790450204208,-0.205178592422962,0.000209075027327401,-0.160796142617881,-0.101050682322248,0.146703166915955,0.985412685331717,-0.271366779939361,2.60953843163998
FFBSX,1467,0.0872240203285304,0.0735054800007502,0,-0.428410182424012,-0.307348927705585,0.00025244655550298,-0.271106970723726,-0.138940961726759,0.158112638947951,0.971060352435679,-0.342517105890763,3.8397445348603
FFEBX,973,-0.0122249686717525,-0.0140972482847935,0,-0.247655596020238,-0.188877227295944,-8.98578105453305e-05,-0.0514591986169284,-0.0243773062176962,0.0690625522363577,0.99535901170641,-0.0819266555076279,7.73400282093772
FFEDX,2474,0.0599476131931156,0.0562147521589755,0,-0.248254479183891,-0.165114061659633,0.000236217792698181,-0.249849772518953,-0.124694755721572,0.167376530228741,0.976317937040489,-0.252793514218331,2.37113963632755
FFEGX,2474,0.0672961662362994,0.0622150599581297,0,-0.266662275727529,-0.179152345979349,0.000246414742144846,-0.286828154666335,-0.133428536730936,0.167289271841624,0.972060332207151,-0.265516565763026,2.45608799116207
FFEZX,2474,0.0764588114022602,0.068957529986809,0,-0.309196839733908,-0.210099225891524,0.000248532269201287,-0.305842596599508,-0.141035477190334,0.174752867258402,0.969202466091578,-0.274937980244104,2.50593152171209
FFFAX,7178,0.0433705953817827,0.0433139099075679,0,-0.187270152484334,-0.108987540609517,0.000168146727886018,-0.123544207670945,-0.0681735789740507,0.114218539688637,0.989782312223061,-0.193850589085332,3.45228579217065
FFFCX,7178,0.0579791341233734,0.0553474811570691,0,-0.293447678173608,-0.175364368260167,0.000214309626573077,-0.114606492540134,-0.0859118475837238,0.136396325697861,0.989374527230418,-0.241645340874417,2.84188974353228
FFFDX,7178,0.0630236164756358,0.0572536746344901,0,-0.365949654020714,-0.232586030850085,0.000245375317430847,-0.138242530102012,-0.0999507677248689,0.141694759526615,0.986446496641571,-0.239124160415012,2.7574989506278
FFFEX,7178,0.066961721097819,0.0580009670631889,0,-0.405699473101424,-0.268925215029188,0.000258375929861334,-0.180295690664394,-0.112927011035011,0.14087325715975,0.981618851319556,-0.253919389239153,2.71214361419329
FFFFX,6198,0.0526789443758761,0.0396914407780953,0,-0.443901194939344,-0.299883708480736,0.000263157352366177,-0.202859648415905,-0.124988565181717,0.134673286349071,0.978908359731764,-0.252376935523758,2.69525173656045
FFFGX,4757,0.0682829058838459,0.0549411478403334,0,-0.456011883423431,-0.310499936995219,0.000279759306421401,-0.215393691788458,-0.136494658316099,0.151961734764651,0.977539432426376,-0.288280450024729,2.18868825647021
FFFHX,4757,0.0673058264545403,0.0530908946823943,0,-0.465251452810242,-0.31531799187367,0.000288536183163273,-0.206473850797535,-0.136202525282676,0.150985198581855,0.978422305624909,-0.294895117610797,2.22284648957958
FFGCX,4049,0.0531685737517203,0.0266028086618328,0,-0.595650631633584,-0.444515576788056,2.41053350357475e-05,-0.115910885551576,-0.0732641445837656,0.123241467210924,0.986713682332831,-0.250663878835727,2.92112804202722
FFGZX,2474,0.0339081672333526,0.0334882480940129,0,-0.15325120680811,-0.0968053737938821,0.000153951571652105,-0.148041099302375,-0.0714147058664909,0.150370654118722,0.987857489472267,-0.244941993781204,2.51461726057274
FFIDX,11425,0.0913610573471689,0.0760531798070467,0,-0.412456514901428,-0.272196226878752,0.000359823146357885,-0.231194252311205,-0.0889260217340261,0.149250606636959,0.97530521246043,-0.224545549361828,1.5300739014816
FFIJX,1467,0.0859146907675038,0.0727644675568282,0,-0.424519261043453,-0.302422041870484,0.000207770695784522,-0.266630778784916,-0.145766987974434,0.158009025633532,0.971725412435869,-0.332454764409738,3.18529377687137
FFIKX,1467,0.0863027260437368,0.0731236723919706,0,-0.421107998128872,-0.299398727498888,0.000210268004157101,-0.269147036069659,-0.146973736628302,0.162007727819032,0.971475128427774,-0.333273826870146,3.05092715708761
FFIZX,2474,0.0823776481772037,0.073115010409728,0,-0.333881886612666,-0.224647337046449,0.000269593034714565,-0.284394309227107,-0.144801172810374,0.17770307859558,0.970887097709742,-0.286063593395047,2.51499045960322
FFLDX,2474,0.0833632709543472,0.0738901263972656,0,-0.334423136137476,-0.225694268934513,0.00027255249667416,-0.28528982590601,-0.145938181258246,0.180248398601256,0.970742827233078,-0.288547405212132,2.4502852692204
FFLEX,2474,0.0834759440147917,0.0739892424112467,0,-0.340070980665847,-0.230769536947761,0.000258780375371852,-0.286297523395574,-0.146932667830627,0.182699743244527,0.970591888212969,-0.29239364663597,2.47945854329494
FFNOX,6499,0.0610643823502439,0.0494632634979562,0,-0.402097120356389,-0.266697750998674,0.000243512715788686,-0.191599171687513,-0.132537702222035,0.132385368904208,0.980254135918143,-0.24472109111714,2.5425424970552
FFOLX,2474,0.083380684246145,0.0738796926422736,0,-0.339241501827764,-0.2299381759109,0.000262445233317529,-0.287042019487827,-0.147491407333214,0.178970475813698,0.970521629289961,-0.295302102203043,2.54818035632348
FFOPX,2474,0.0833906678859574,0.0738877134901272,0,-0.335095532922124,-0.225755696632983,0.000272251854832804,-0.283605165959482,-0.146495925264693,0.179107742635109,0.970897843247282,-0.290928349263673,2.52212037549939
FFRHX,6201,0.0378880216368898,0.0379876041913587,0,-0.0986891151775742,-0.069761348150507,3.30496560079292e-05,-0.0278520364291474,-0.0542737236594524,0.0567175734121009,0.99849830665437,0.217120373764146,0.25
FFSFX,1467,0.0908703842907892,0.0778140442122988,0,-0.429822547075115,-0.307006366242277,0.000264801792503094,-0.267617017543605,-0.137380164745839,0.156360322405381,0.971456691368884,-0.339981401621939,3.78209653093144
FFTHX,5613,0.0646670892880928,0.054538149390527,0,-0.393227226090745,-0.271308474515233,1.00569991061187e-05,-0.342793347228599,-0.113924176513903,0.174501444581907,0.964499396789933,-0.268253290193949,1.25474730674366
FFTWX,5613,0.0567819221519592,0.0504384490576539,0,-0.305511601974344,-0.20561458768604,5.66527045561217e-05,-0.309795612679282,-0.0983024594002159,0.159044349703915,0.96934234166231,-0.256200983811335,1.25168980714743
FFVFX,5613,0.0505003632853629,0.0471844627707834,0,-0.23168006595808,-0.153677423561921,6.57012768245227e-05,-0.295612273184229,-0.0804802313036466,0.149116656877797,0.972148132352498,-0.245835562728578,1.20544687204657
FFWTX,2474,0.0442264413201383,0.0430936894388576,0,-0.168281057339502,-0.109317920234191,0.000186822548184908,-0.224008939062574,-0.104812968783463,0.151877057790701,0.980429524592012,-0.252292878581185,2.19098518694567
FFXSX,9691,0.0404806215968724,0.0409501630082678,1,1.6413431743271,2.17706921701855,0.0048444691494425,-1.83896289586701,-0.345028319048401,1.81913092706097,0.809787474641439,-0.0320143743989627,2.96543687854817
FGBFX,3252,0.0158207953932151,0.0147214213090863,0,-0.21569793811166,-0.151925420738773,9.49188919512573e-05,-0.10195447523514,-0.0178091289643471,0.12210472396619,0.991348923627436,-0.111142310349159,3.16446541610289
FGILX,3266,0.0962037197089668,0.0903254749044356,0,-0.276535280550058,-0.178840119165471,0.000262881086197115,-0.373886215864567,-0.160945471708956,0.181540535244594,0.962265351016476,-0.27921053603224,2.34927907195461
FGMNX,9944,0.0506663634118746,0.05102145404225,0,-0.241592385479063,-0.149873894918148,0.000121082113750962,-0.0439880062047482,-0.0520232783604433,0.116265155684955,0.996250027623799,0.10121168268379,0.883845573666067
FGOVX,11425,0.0573875145391054,0.0576518448615002,0,-0.168443566595986,-0.118949336399918,6.24331919140051e-16,-0.00852306604920323,-0.0294640332842971,0.0320290179583214,0.999000000000004,0.00637276591223996,0.25
FGRIX,9910,0.0983697099439149,0.0857031203787475,0,-0.435095464634391,-0.28248158333825,0.000439230130449322,-0.172010272980163,-0.0943302817157417,0.163124594243241,0.982009532581826,-0.199534751862734,1.86349680547224
FGRTX,6625,0.0756954641513588,0.0591182633859246,0,-0.425191146710529,-0.29139709296043,0.000231522649495654,-0.19633870100196,-0.144027168686481,0.1392311130848,0.978943440811551,-0.231021470820806,2.70527755226181
FHANX,1673,0.0797953371861644,0.0664893435622287,0,-0.412871611785133,-0.294071306213873,0.000246251029342289,-0.268816588158448,-0.141382546287288,0.155034810542425,0.971478210873499,-0.339231781038043,3.59109839860566
FHAOX,1673,0.0798743632357238,0.066603014256083,0,-0.404597016093061,-0.288935138395961,0.000249124657922488,-0.285945600380669,-0.143406273395707,0.158536473799112,0.969667115814909,-0.328526105403325,3.58862034530446
FHAPX,1673,0.0796953646709465,0.0663588118391894,0,-0.399942216109352,-0.283564187931625,0.000265259519210088,-0.285772383053063,-0.143756867351943,0.163321702344435,0.969728073081873,-0.325033487606157,3.59483371880384
FHAQX,1673,0.0798189907727929,0.0664568958111904,0,-0.397617284247348,-0.278942857269276,0.000280610305218556,-0.270832301856131,-0.143283989191522,0.155460205271831,0.971354120554743,-0.325693678271949,3.36872194291168
FHARX,1673,0.0785218538410116,0.0655744638330036,0,-0.396834576671336,-0.279338871328845,0.000270007456656034,-0.280998648285418,-0.143364410974285,0.160149691183474,0.970380950729638,-0.312407977798851,3.41075871817524
FHASX,1673,0.0704772462661305,0.0603129938941935,0,-0.387456085046277,-0.273323530973357,0.000227225986799464,-0.256598134269994,-0.129311462451431,0.147061900051036,0.973539308226855,-0.304229243210646,3.57616894865329
FHATX,1673,0.0605148777810019,0.0536823245438052,0,-0.35641832656377,-0.251692637847493,0.000199245494991923,-0.241149214450258,-0.121694064253325,0.139766571109131,0.975922808335557,-0.283942958742455,3.27334334152926
FHAUX,1673,0.0546914468243695,0.0494331811675492,0,-0.328552809278754,-0.230569235597105,0.0002049276779717,-0.226030960217751,-0.116617673950625,0.145886619584081,0.977941970816539,-0.259536295989083,3.27070625276102
FHAVX,1673,0.0499263949363509,0.045829181456259,0,-0.310663055153106,-0.215975249333493,0.000188545631069729,-0.204080019346727,-0.107873218893467,0.131203686325464,0.980479151646302,-0.25358750854451,2.86000973252886
FHAWX,1673,0.0447542009742521,0.0419607686846817,0,-0.277835920316351,-0.190087854243874,0.000180392442253072,-0.188417124875724,-0.101606381402719,0.127123618491779,0.982548935474744,-0.268920237395467,2.89576672717799
FHAYX,1673,0.0392982276221835,0.0375601637137799,0,-0.242681703863025,-0.16261191796372,0.000172369842592018,-0.161097181393363,-0.0931348395422922,0.115102607471262,0.985609346657758,-0.260321661500134,2.48406752575214
FHBZX,1673,0.031540576231709,0.0307150621313255,0,-0.192854416088429,-0.127973173750004,0.000165786959453723,-0.128868395545356,-0.0659333545160824,0.126693878287834,0.98908072499157,-0.24390018297264,2.36869242501361
FHIFX,5193,0.0480764747895712,0.0480113513258358,1,0.202508803930702,0.206735692940444,0.000778376506092955,-2.57219918203596,-0.286319764679756,2.56331175149673,0.901539879336346,-0.097039248206399,1.56309916132054
FHIGX,11425,0.0569757420717141,0.0576394355962124,0,-0.205215122846017,-0.135135655988873,0.000336316305124831,-0.3582751900557,-0.0836113659680725,0.28779879950276,0.970709063698702,0.297359863996901,0.32476993747575
FHKCX,7318,0.0762542033120497,0.0499133270413534,0,-0.575514886000825,-0.427768901333889,0.000457793027270654,-0.139357873182248,-0.0565218199715099,0.158543193977984,0.984116854446395,-0.129906209260672,2.25114859167318
FHLKX,1294,0.0332953954849449,0.0308976393235503,0,-0.255501560489598,-0.181686827686869,0.000150327998199479,-0.156878662466536,-0.0839256300519945,0.0876773209851806,0.985840668194791,-0.273795891216457,2.62943962835432
FHLSX,1289,0.046648424064098,0.0450280304636863,0,-0.284858852170854,-0.198190026498427,0.000159753807746424,-0.104061883523668,-0.0762432192536612,0.0728859068648017,0.990614890881971,-0.253900456918944,2.55034556121725
FHSNX,1289,0.0454384428622964,0.0434350828016363,0,-0.277591038825386,-0.192239139528236,0.000129564704510382,-0.106713316018847,-0.0828075703159796,0.0834903923365349,0.990273341278986,-0.257728634742495,2.58515417049353
FIAEX,757,0.019806707896564,0.0178298695897796,0,-0.212738712571677,-0.167464335091936,-0.000144972169555707,-0.0201481032713849,-0.0330475218471999,-0.0504329620389505,0.997848002021608,-0.0942893700643,22.9656557085381
FICDX,8776,0.081131746789178,0.0661917175016706,0,-0.563444543652877,-0.385460396098529,0.000291431058490812,-0.125723230274677,-0.0618396094746966,0.161876690106133,0.986595541712793,-0.254441397556806,2.96658706523911
FICNX,9446,0.0462140749460595,0.046613654905592,0,-0.214659094318025,-0.141477082651546,0.000206259308080196,-0.212507919952153,-0.048518543623549,0.207598936901122,0.982941379265304,0.179573732318961,0.31650420820211
FIDSX,10934,0.107608908742556,0.0845453833271539,0,-0.53073842929589,-0.391879770508577,0.000155154588901145,-0.0388064671804095,-0.0430849799689491,0.0720924928128551,0.995385660191394,-0.0647606476121285,0.486371294075649
FIEUX,9720,0.0776443552564773,0.0618129059378516,0,-0.488394796361182,-0.345428362669802,0.000390994868364778,-0.20003949908734,-0.0666931009548708,0.167061900752032,0.978464677540765,-0.193095874001527,2.25063954831985
FIFNX,1555,0.143103519200623,0.121913379355562,0,-0.361234169571053,-0.260156091583572,0.000387276699406906,-0.393434936658196,-0.166039959774452,0.188263926015637,0.954707985783607,-0.426706274111667,3.30356050799698
FIGFX,4399,0.0520752714956752,0.032422103980388,0,-0.528261892990139,-0.370190614250436,0.000220918316692148,-0.197408017077207,-0.113007467323804,0.168854512940592,0.97871694543272,-0.247098403472878,2.36791491702331
FIGRX,9658,0.0721956155567009,0.0597820325005949,0,-0.483120308187741,-0.338722077594593,0.000305706584981674,-0.192473562964731,-0.0693631139417338,0.17414726978776,0.979834591033182,-0.192824031653541,1.87708653483436
FIHFX,3916,0.0830382351659602,0.0767134502884306,0,-0.282936749734249,-0.1886150352511,0.000236874745528977,-0.30955759949893,-0.151553049847764,0.153980135278893,0.968799227005116,-0.274933638256797,2.20460757374123
FIKFX,3916,0.0353799149437677,0.0351995340003144,0,-0.124456006848619,-0.076833547512903,0.000140986867785839,-0.150156068711876,-0.0741774830665686,0.132684388332032,0.987803342114746,-0.210092073550742,2.30881242185172
FIMIX,9935,0.0458857454087747,0.0462391925289702,0,-0.22992488166704,-0.153364508661352,0.000199209022429508,-0.239562589359177,-0.0598039950764575,0.22298396792448,0.980908730687256,0.202857542361753,0.285500442188006
FIMVX,1455,0.0750430774260258,0.0489564850997826,0,-0.668272652267693,-0.5040167022576,6.1467848450978e-05,-0.222397599858434,-0.129374824753576,0.200857840669031,0.975083435061599,-0.265217072906539,3.48901827223487
FIOFX,3916,0.0881124648448099,0.0804256762170632,0,-0.304082782412247,-0.201960027570614,0.000254047393168856,-0.299506842804299,-0.157216766071951,0.162554167018418,0.969398186371795,-0.276481121420522,2.14244196483431
FIPDX,3261,0.0216947139868184,0.0203414525258796,0,-0.134710444894778,-0.0905715638336053,0.000104499666758968,-0.150209075373472,-0.0341567101693961,0.100191489256386,0.987013672775071,-0.0342702036309518,1.99808655128771
FIPFX,3916,0.0884557667914116,0.0805071438268146,0,-0.304100986102988,-0.201412402461591,0.000258804885723154,-0.297902073123883,-0.15843858015951,0.162627487213536,0.969511666896824,-0.274358817961127,2.17821053900601
FIREX,5193,0.0429412508297301,0.02553616073781,0,-0.540922748552194,-0.363354413610949,0.000321606234684825,-0.120783776902998,-0.0621444499393122,0.152048028712963,0.987324294592807,-0.130865883640296,2.19144282889603
FIRMX,4444,0.0388507610998316,0.0364964763996904,0,-0.319439237967969,-0.188301413910815,0.000152331706852061,-0.074859284617391,-0.0856646481995077,0.137440971749827,0.993458920256843,-0.250404247410059,2.30991254260043
FIRQX,4444,0.0448955245756885,0.0413803436378686,0,-0.333686734973185,-0.199617360218516,0.000170488785269366,-0.100571478371741,-0.0965848522587675,0.142528884591439,0.990840713565577,-0.263746352703017,2.28642587912824
FIRSX,4444,0.0477556733605805,0.0435287511702251,0,-0.349559980589585,-0.214840990895601,0.000187264281840186,-0.125633829540001,-0.103859793205447,0.147005615835286,0.988328461123584,-0.266331027269274,2.2744074593027
FIRVX,4360,0.0493251374360688,0.0441292135478211,0,-0.370964334491111,-0.230079201423382,0.000209748612018265,-0.145541368957517,-0.109256249999726,0.150480921742844,0.986258846607916,-0.263218871244049,2.22472615243877
FISMX,5689,0.106088943012532,0.097949256767228,0,-0.554015487244335,-0.386470849939814,0.000485931817974928,-0.18591222335249,-0.0536239983385229,0.167503731846892,0.980592180535962,-0.204072172301095,2.12154722406192
FISVX,1455,0.0559181262630041,0.0159687555305628,0,-0.717851458982033,-0.562869545473027,-0.000140950000233486,-0.190938493888672,-0.0951082118394081,0.182963782388973,0.977219809042148,-0.0545023519643116,2.97167791836509
FITLX,2005,0.123460473943877,0.109290843595464,0,-0.332950977439396,-0.215994219243767,0.000440025371830749,-0.331495553520003,-0.170219524046867,0.214500627863401,0.964356291325917,-0.334956095535071,2.49562232989889
FIUIX,9426,0.089238638650998,0.0791443563297716,0,-0.438176659531197,-0.279424129361595,0.000375168996546411,-0.133560827156431,-0.0667002714159865,0.151688720775843,0.986217511381561,-0.182528391063452,2.62939742489468
FIVFX,7498,0.0691351383390304,0.050276653241603,0,-0.578112932057482,-0.398293408803629,0.000345136161088945,-0.154168753361155,-0.0736638395213874,0.172811339152655,0.98338564536534,-0.214147639097583,2.48261939671685
FIVLX,4766,0.0376049234850698,0.0135718727462633,0,-0.614056990033655,-0.44637796561634,6.55857289582004e-05,-0.159169013388939,-0.108381513670434,0.154246638063236,0.982517249985283,-0.260346572364174,2.11610828226736
FIWFX,2474,0.0503369220477809,0.0484111079001361,0,-0.197556249170041,-0.129600524666314,0.000207516783697547,-0.240206141046045,-0.112038802839778,0.155286860968817,0.978308330492899,-0.270021487717087,2.49407948320408
FIWTX,2474,0.055411015710608,0.0525667667257321,0,-0.232082635361653,-0.154189541715581,0.000219480042617272,-0.241749791639063,-0.117920011691089,0.162134298080984,0.977540673322195,-0.248117459380044,2.31354560287025
FIXRX,4360,0.0526879287972205,0.0467986998094689,0,-0.391762249963753,-0.249627494169999,0.000209084919230214,-0.159939859270819,-0.114603807411565,0.153887303244648,0.984625407964643,-0.263948838593348,2.26233820494347
FJPNX,8213,0.0443295526098751,0.0224431488914305,0,-0.508589915761114,-0.37945101908254,0.000137024444598938,-0.146396302637251,-0.0594022989343887,0.155848427858645,0.983578848648357,-0.132142608189773,2.25043201057438
FJRLX,2884,0.0217501754652377,0.0217211036057829,0,-0.0882286195504334,-0.0578930972287768,8.55395229506897e-05,-0.161456431234227,-0.0159852072164113,0.137992516744228,0.9877191859104,0.116087257131561,1.75492234822459
FJSCX,7319,0.0660509420596998,0.0463060441796563,0,-0.509739780888567,-0.391609639413939,0.000238576900641203,-0.160704717636386,-0.0510230777358939,0.18128731769681,0.98213799195968,-0.0940163838056655,1.82378813294141
FKIFX,3916,0.0524891599369962,0.0515339102572803,0,-0.160239605455768,-0.10067741503955,0.000184621186441346,-0.2119029946217,-0.112424150337224,0.145120704410687,0.981243293061392,-0.247001145361882,2.15329847769026
FLCOX,2230,0.0902359078463434,0.0765454401554693,0,-0.447473887472623,-0.30429625798509,0.000266448559641388,-0.282177333613258,-0.139791798824061,0.207193768385581,0.970473067556903,-0.259470495697218,2.14188375980905
FLCSX,7513,0.090097197693748,0.0710000308100507,0,-0.483152548334651,-0.325302161879767,0.000335634096971867,-0.178534315920894,-0.123286876783231,0.14114733335933,0.980549527796482,-0.28053802321341,3.02824092405229
FLIFX,3916,0.0573704743755519,0.0559055846043386,0,-0.179196752482255,-0.115174153561198,0.000194598945786032,-0.258044364511787,-0.123873490392263,0.14656088012887,0.97653948127371,-0.251967026930729,2.20565813865384
FLOWX,1266,0.127753025102948,0.116105078353478,0,-0.369140886269889,-0.265787363672157,0.00025503807670127,-0.152622193206759,-0.0986024666162271,0.0749799298006955,0.983007120189958,-0.194764416683458,4.10010606572986
FLPSX,8900,0.118400895188906,0.113093335757426,0,-0.451605104544289,-0.288300522149952,0.000583519125978918,-0.159198810274637,-0.0721277966900022,0.192260165413738,0.983977457602216,-0.284321036416817,3.00767538132188
FLTMX,9908,0.0453856382661587,0.0458981648188224,0,-0.253822659011022,-0.170764296098744,0.000159354792558656,-0.142928926875448,-0.0595656746156615,0.202980769683035,0.988953002051595,0.226780867600799,0.25
FLVCX,6125,0.111005638005838,0.083379520643472,0,-0.705551463938978,-0.507671436917573,0.0004077987282951,-0.13656144874071,-0.0886376392936742,0.153106197609254,0.98448161072607,-0.386341919628844,4.1792487006573
FMAGX,11425,0.112296893511591,0.0954163165378588,0,-0.419542244360405,-0.266962928438033,0.000418144677354318,-0.26659591570975,-0.0627332765856535,0.164917054347056,0.971025048371001,-0.226708948831459,1.55986666031146
FMCSX,7824,0.103493092309973,0.0861422131212663,0,-0.562153573011604,-0.386618008825515,0.00040123592755886,-0.16730132261394,-0.101696960277551,0.175358708643726,0.981828487737518,-0.314413387191584,4.10762650032006
FMDGX,1455,0.0936302408572459,0.062823440338994,0,-0.512201594779671,-0.381110532434866,0.00034713702876046,-0.248096264040812,-0.123928205317481,0.184111718068456,0.97153690937881,-0.395902685965949,4.73257763130781
FMHTX,9942,0.0490628884573284,0.0494377025222532,0,-0.230211056889347,-0.152350423941725,0.000220530233308435,-0.24067786266829,-0.0585656860528799,0.228656686944049,0.980586517748588,0.209285316363808,0.284803425324811
FMILX,8141,0.125338363776294,0.106279218670124,0,-0.532726388654224,-0.36702497057438,0.000456949342995719,-0.139608357626064,-0.0900144638235903,0.192732757703017,0.984533774105696,-0.281509893468048,3.37063115850631
FMNDX,2896,0.0130154159008006,0.0130733751008043,0,-0.00168455560468722,-0.000730656938608746,7.10496714228928e-06,-0.262880234664156,-0.0142813313884771,0.0367962840803032,0.987699002936775,0.264783623558089,0.25
FMRAX,1425,0.0556814383065634,0.0513967810953913,0,-0.320684985467952,-0.225119502852766,0.000188795381975112,-0.20429657790218,-0.106539634187549,0.134071975644891,0.980284982120837,-0.284270415024884,3.13648807733226
FMRTX,489,0.0830452185045612,0.0823573243269493,0,-0.183063152770163,-0.125714745724588,0.000240822427606722,-0.768306819846591,-0.121316040414873,0.0729231575313355,0.926738300154349,-0.0726791614289629,2.48425034690533
FMSDX,1804,0.0772341707500565,0.0740885224073551,0,-0.275483778861479,-0.187550016971734,0.00025331607990891,-0.275019109196021,-0.0912539028240788,0.195537537023804,0.973470854000316,-0.277088401128767,3.5456952132638
FMSFX,10161,0.0516291242065312,0.052055406796206,0,-0.220167172016834,-0.135905511687909,0.000153647740922543,-0.0507350260133194,-0.0518843986001331,0.116911430630693,0.995754855845564,0.130401636658945,0.852746356124322
FMWIX,807,0.022225924795144,0.0197901047249043,0,-0.177592094144064,-0.1264886987577,9.37558458941717e-05,-0.110339830722259,-0.0685475988830184,0.0215900579010431,0.989911970425575,-0.0649793027183365,3.31990990810624
FNARX,7086,0.0695191687909869,0.0276829251469091,0,-0.691907759534048,-0.506290961054154,0.000233004262970424,-0.119296338075898,-0.0673605873254084,0.135777595095974,0.985814707832901,-0.253502433546867,4.96320454021901
FNBGX,1896,-0.0125643762259695,-0.0231794613897344,0,-0.334724725917399,-0.26998451542243,-2.16128070515465e-05,-0.229449521699331,0.00752722697704638,0.173913769076659,0.975985220310468,-0.0546542403216235,6.77712544545745
FNCMX,5613,0.102819790530529,0.0825880968620174,0,-0.456080660754178,-0.313841172582989,0.000109037196635096,-0.347312943456264,-0.146664111919958,0.147271424897666,0.960955866176969,-0.292950463920596,1.52052893858859
FNDSX,1725,0.0160188676940704,0.0146206189939155,0,-0.177066517134896,-0.125301989208319,0.000113751164433364,-0.141582665545094,-0.00381034483711032,0.181456088589175,0.987760019716739,-0.0712062894842516,3.28375695738565
FNIDX,2005,0.0532742993176132,0.0396717825829058,0,-0.422098187217401,-0.306398820979366,0.000126437343370845,-0.237836604764976,-0.110485489021628,0.160103554033652,0.974876184152142,-0.273680676105713,2.86354143176214
FNILX,1654,0.115813428127713,0.0980179947486675,0,-0.380943213813156,-0.25848297246569,0.000364088113684082,-0.296150628400083,-0.171720193895135,0.149468424366741,0.967623645574855,-0.390627886204539,2.86209491125639
FNJHX,9403,0.0486662389146699,0.0491369360572744,0,-0.207271221333105,-0.132298880501605,0.000235793596030075,-0.233041839660103,-0.0401720636161259,0.177371679269242,0.981164353717229,0.152623639078781,0.353292551454488
FNMIX,8053,0.0825990351194452,0.0798479609126672,0,-0.508126782022275,-0.34617472992343,0.000344298420922361,-0.206653635889439,-0.0506125453585295,0.25649481906775,0.98080674144615,-0.0679506021020925,1.20078565698107
FNORX,7420,0.0961808764560722,0.0727602247342642,0,-0.589804133505059,-0.405640861058588,0.000436151761906838,-0.130946091760671,-0.0556176155240003,0.149949768717938,0.985264222855081,-0.188477698527397,3.01708533011649
FNSOX,1885,0.0202018665081599,0.0200855171243139,0,-0.130916624370848,-0.089111456675285,6.62019667427387e-05,-0.11921393147862,7.89106619346682e-05,0.180300375631971,0.990544492303165,0.139838803743455,0.888463404376505
FNSTX,1377,0.0828044446991362,0.0654834170354968,0,-0.314261723740051,-0.209619851082198,0.000372554533857157,-0.337484628040773,-0.101234387374467,0.18822966299199,0.964061240750718,-0.285060554488509,2.52626118636758
FOCPX,10161,0.131016908244076,0.110640602063458,0,-0.560737736232437,-0.39468269933182,0.000635024582022704,-0.125354248488726,-0.0762980443759749,0.167440199644164,0.986082791337733,-0.288893117877014,2.82147813541692
FOHFX,9939,0.0497784588897858,0.0502036346745984,0,-0.214408988679641,-0.140782387353872,0.000231606748349803,-0.25263444885854,-0.0516093707760411,0.212415490231859,0.979537538730275,0.176198076366324,0.308827733881312
FOSFX,10179,0.0909532941617541,0.0772285855059989,0,-0.479816844265831,-0.332098209789748,0.000409295076535466,-0.174278070075346,-0.058939469307178,0.175278547879117,0.981343676888301,-0.16452384120114,1.72114354337173
FPADX,3429,0.0297734714803716,0.0144720712607527,0,-0.396844989492726,-0.305576012822827,8.12761969273516e-05,-0.265026348945568,-0.0868264702720787,0.138057856158751,0.971309933521552,-0.212900277413903,3.43563293060892
FPBFX,9720,0.0693796623138926,0.0539798004828473,0,-0.523013455366834,-0.365298699957669,0.000395014288795032,-0.210580555157449,-0.0615907983151999,0.185164856285233,0.977346023288983,-0.16104836072889,2.01493718718504
FPHAX,6002,0.0824263216118573,0.069484059777946,0,-0.358439002108637,-0.258896599758123,0.000254800371908077,-0.270871481781282,-0.103260865598488,0.138626649524322,0.970812329670277,-0.177418470927744,3.32794473223611
FPIFX,3916,0.0629341994153085,0.0606300267855908,0,-0.208595653046876,-0.134927107473941,0.00020817592286068,-0.250780497320314,-0.129753722309163,0.151209630149213,0.9766021233679,-0.251453089575827,2.22840036533885
FPURX,11425,0.09298990843169,0.0902123928178347,0,-0.228273343455173,-0.136698441851482,0.000416662778921136,-0.210404446555196,-0.0530620941513021,0.129593905758595,0.979555686295936,-0.189104739598689,1.34214986827708
FPXTX,9758,0.0475474565362283,0.0478683155706359,0,-0.223918171969534,-0.146502495550325,0.000235355242373728,-0.263515625927775,-0.0679440373991814,0.230937480457959,0.978828633917067,0.230892809875482,0.276688248653376
FQIFX,3916,0.0690481896961306,0.0658320356873665,0,-0.232663949574033,-0.151980975322141,0.000221398936654266,-0.260067973521955,-0.136823422667421,0.155322123065514,0.975124527015578,-0.251683192266195,2.09107033066366
FRAGX,807,0.0504301613485509,0.0396403920514932,0,-0.289467418166173,-0.202905251262557,0.000212368310341325,-0.146203534237454,-0.118576061367295,0.0227742841850042,0.984757750336238,-0.222776758444595,4.16032043034026
FRBDX,204,0.0281731147198272,0.0125990247292025,0,-0.800717319746663,-0.665501565179792,-0.00128441875071277,-0.345636740415418,-0.486155060680801,-0.320736257762298,0.962002536539182,-0.710171582915072,1.68759787381245
FRBUX,202,0.0315883943801729,0.0175778097638286,0,-0.743011015340481,-0.592199478687618,-0.00083125683581839,-0.375502875149836,-0.44437082614757,-0.216812598704538,0.959443038564256,-0.632522556270763,1.95046161428602
FRBVX,202,0.0313493015470649,0.0172254944121302,0,-0.741676361882965,-0.591297256603462,-0.000840698335294141,-0.393584918780148,-0.453857317010221,-0.215595943844721,0.957513078955035,-0.637620031938594,1.94819874557921
FRBYX,202,0.0165536746819555,0.000859521535766072,0,-0.759246229044006,-0.615281422802977,-0.000980895537143595,-0.36926162117676,-0.436271585733717,-0.218287127083796,0.95954174872918,-0.622949947416253,1.90010708178278
FRCQX,202,0.0108562852380994,-0.0050847682738987,0,-0.798135913549415,-0.65161999149924,-0.00110717806579206,-0.346078473148754,-0.455948142827608,-0.242977835125507,0.96178490121011,-0.651526076654641,1.58205356042159
FRESX,9687,0.0881604012157383,0.0636804681433196,0,-0.564234094188936,-0.385309129049141,0.000372686665173818,-0.0880493656478788,-0.0301321670738342,0.220419677342092,0.990801185077392,-0.10393391364439,1.9356248087845
FRGAX,806,0.0430853236295765,0.0354573581320874,0,-0.25342459781686,-0.177544841910733,0.000187080408318549,-0.136129147530348,-0.107920826485431,0.01440500331192,0.986268536033777,-0.182273643885405,4.19390373654018
FRIFX,5613,0.0601476395679898,0.0578720775956552,0,-0.387462411636977,-0.221248275795209,0.000368644565291137,-0.101964198313803,-0.0363762539383724,0.0910008991027701,0.991270711239435,-0.255157053385971,1.46239940220224
FRYBX,807,0.032045029904689,0.0275166159929638,0,-0.227011560986957,-0.161108796253514,0.000144640682448373,-0.13211215367386,-0.0840044579741766,0.0380764229490947,0.987253981155932,-0.104771895445848,3.6929069120972
FSAGX,9919,0.0552102374503889,0.00696474118810841,0,-0.663382833653717,-0.519347805807087,8.38980323476541e-05,-0.0750698795933748,-0.0205840991996045,0.124612851885274,0.990702393773837,0.0300493001102871,1.67645834558072
FSAHX,2877,0.0339345279508274,0.0335622669136266,0,-0.479610765042316,0.186827629973921,0.00240690468612334,-0.884931976289672,0.0594597926548136,1.53183098044627,0.896595920827218,0.0870094474106852,1.68366358671057
FSANX,4415,0.0559907681606106,0.0494899348864728,0,-0.391274441944733,-0.257467162257546,0.0002355216589763,-0.181523067193393,-0.120121898814264,0.152281048527676,0.982321191382154,-0.285029662025707,2.47960527943674
FSAVX,9784,0.0871135118159442,0.0625050128594462,0,-0.656020121401745,-0.486192715751577,0.000424962112431885,-0.102225879168725,-0.0606647792804364,0.156760021741139,0.988672067647095,-0.148652532554181,2.628654033791
FSAZX,7689,0.0412474578997352,0.0414108656357506,0,-0.182026411536383,-0.117934990695627,0.000222117705666149,-0.293357613889549,-0.0445113585384681,0.243965552403516,0.976632387177735,0.184874086065008,0.406633393789871
FSCHX,10016,0.11157986890058,0.0925060348660998,0,-0.522927237515763,-0.360163167310698,0.000504102210264545,-0.152069554533719,-0.0756097772907294,0.171267111914755,0.983344510006956,-0.143298665055109,1.95141217119435
FSCOX,4966,0.0653025509333176,0.0469737993956272,0,-0.614797194439332,-0.428061517805006,0.000379996195000587,-0.156839197074871,-0.0718679263721691,0.165102857678969,0.983189615199408,-0.21146485047266,2.34032925282816
FSCPX,8772,0.0951952922536875,0.0787443596065163,0,-0.443847932771434,-0.304297602239582,0.000346048421172073,-0.181322492745632,-0.0961857169237476,0.167966293629174,0.980330651418825,-0.255213405323198,3.07326553442457
FSCRX,6184,0.0902112282001946,0.068211383469829,0,-0.604939359563337,-0.425691913597236,0.000240743913432491,-0.134192377852283,-0.091357834861341,0.138487830058453,0.985020422173315,-0.226244087325005,5.67120141622075
FSCSX,10016,0.146170003426048,0.119436465242099,0,-0.514022502692665,-0.363680668353831,0.00065837640828097,-0.183211270043324,-0.0808293455586772,0.181593019530247,0.978822710530898,-0.206331551758764,2.48003872839642
FSDAX,10325,0.110042499580172,0.0960465895630644,0,-0.499698573109552,-0.340288492771099,0.000518850343156526,-0.160056586680957,-0.0698366040030106,0.14861510994626,0.982742020598081,-0.143038611279791,2.53953928659332
FSDIX,5370,0.0739346683801023,0.0636281146117872,0,-0.467972786780117,-0.299722694501089,0.000256728042727576,-0.154872717959054,-0.131057577497265,0.158263896345529,0.984451669093677,-0.279126961322288,2.3954847004883
FSDPX,9721,0.0857170421191842,0.0621864044788878,0,-0.577910389631973,-0.40624465270333,0.000353154309198092,-0.152129225852167,-0.0672233917397001,0.155756759175368,0.983063383151802,-0.127635645296613,2.08923915687442
FSEAX,8064,0.0752890624409281,0.0533187569064162,0,-0.579600892162819,-0.427025349479601,0.000478723287144823,-0.164627614605834,-0.0575056388914882,0.172768739707339,0.981615360790864,-0.143279299568038,2.3720617314699
FSEBX,973,0.0522822794348579,0.0346974870280621,0,-0.377152244923239,-0.28166644992755,0.000246336227651994,-0.200759041294586,-0.138093149917891,0.102467813676231,0.978036022910871,-0.255916551731292,4.06270691847217
FSELX,10016,0.131850395012009,0.0834588953721671,0,-0.732620501037317,-0.574379826445596,0.000657546894045251,-0.0903592470181254,-0.0548546084143503,0.144841496840994,0.98899280926775,-0.112792342262831,2.61278111269964
FSENX,11039,0.072179390717566,0.0386229659759882,0,-0.581769371165686,-0.436731740739093,-2.04018578223147e-15,-0.0069665879890188,-0.0162084805152603,0.0651747220288748,0.999,-0.0806073644964008,0.447921465993511
FSGGX,3429,0.0586405072865001,0.0464591000683221,0,-0.394158078458505,-0.2766608368135,0.000152116503268794,-0.214860201384296,-0.106556749766334,0.144327680538614,0.977499869577563,-0.251286200750269,2.56608815701841
FSHBX,9731,0.0380429531270586,0.0385142997823527,0,-0.0707320670004589,-0.045277593460769,2.71984186853822e-05,-0.0179606525133185,-0.0340684237109619,0.0986100526006642,0.999000000000017,0.124046657149117,0.25
FSHCX,9784,0.0895855453921891,0.0694635499545624,0,-0.46355481840781,-0.336481612645129,0.00043684007497226,-0.242123681011078,-0.0700946347971584,0.151617453381827,0.973106414838111,-0.215890027192878,1.66743190450424
FSHOX,9721,0.116122836580648,0.094647159794806,0,-0.568244349662635,-0.39374335400039,0.000589502084224598,-0.120894360504349,-0.0641395237699828,0.161871122027365,0.986696890614263,-0.116979055890765,2.13852706745444
FSIKX,757,0.0277750678387039,0.0274327747321461,0,-0.0771112561386788,-0.0533490722654326,0.000187114959500628,-4.42753899793816,-0.0652797249518091,0.60861620806049,0.638945212679908,0.0221161126527614,0.580535094809524
FSKAX,3430,0.127821000896355,0.118529474645372,0,-0.322223097376741,-0.206409733899719,0.000317532019832061,-0.348571422128024,-0.184065950001227,0.183159618545322,0.963052035775114,-0.316993593952544,2.46551444032677
FSLBX,10016,0.109504152164375,0.0803254448808615,0,-0.59156527242492,-0.428963831180797,0.000575731762170435,-0.178074984256572,-0.0755273027403649,0.183962831740499,0.979799281750526,-0.108017109022202,1.9026259973298
FSLCX,6826,0.0772148716771124,0.0543090690017887,0,-0.608959594062189,-0.443973683043721,0.000302310187705196,-0.165666395973273,-0.0911030362004226,0.153699122834669,0.981646426158765,-0.280032518373472,4.8381955320001
FSLEX,9025,0.0553834200412092,0.0372387514083974,0,-0.506423712393557,-0.37385477955538,0.00027219389010688,-0.183048362543442,-0.0747775225492135,0.148605462106256,0.980068640317966,-0.168387939080656,2.66499745137795
FSLSX,10414,0.101950982836136,0.0849421618804767,0,-0.642960609785287,-0.454900615895336,0.000362810389013257,-0.0973245962543783,-0.0590264323784512,0.153040099276023,0.989552278214455,-0.218920300750866,2.30665312142585
FSLVX,5900,0.0708659159333512,0.0524993837085785,0,-0.506708862977587,-0.344626645094402,0.000220441241968683,-0.170691568308279,-0.140132140383009,0.140158812107486,0.981760161721019,-0.290209463666797,3.02681333768988
FSMAX,3430,0.103705751136198,0.0845331987872895,0,-0.515356735918101,-0.362687306973463,0.000225568845949329,-0.193051647980175,-0.116934867692144,0.159910356784754,0.97861288269329,-0.330260120664044,3.60291737839177
FSMDX,3429,0.111757174192309,0.0990456453561048,0,-0.434518231941829,-0.28949945078819,0.000238719727022939,-0.24958957259144,-0.148942243111842,0.176046559379382,0.973279001006009,-0.345213211757979,3.43886662134324
FSMEX,6794,0.121709539780733,0.108393288330823,0,-0.418623220551235,-0.289874843619671,0.000361691155492114,-0.203605663317962,-0.106744599315532,0.129414199359626,0.977604876190362,-0.262094048415512,3.51456353534429
FSMVX,5900,0.0849805328737344,0.0632925106851783,0,-0.603861967818287,-0.430177703186363,0.000238033351896242,-0.150757974340947,-0.115252313199755,0.151336993616434,0.983445100467089,-0.301167090786136,4.2700470538508
FSPCX,9919,0.11118844435982,0.0940262825444527,0,-0.461836860551167,-0.309339677630568,0.000514156865893871,-0.182492507652474,-0.0773997957879458,0.203111828886851,0.980504886787427,-0.151987891087425,1.97785931915539
FSPGX,2230,0.157730681295589,0.143448532821239,0,-0.389697760312671,-0.261213035959181,0.000502569328592324,-0.255265555819917,-0.149823377083174,0.207948431236119,0.971659194149457,-0.355440021058386,2.30859709669203
FSPHX,11039,0.134893156134833,0.123805558476013,0,-0.488036598148076,-0.353812050405805,7.1847281296733e-16,-0.033506372435998,-0.0330945574727436,0.0623691689032617,0.995927598419668,-0.126161062924328,0.415876520103646
FSPSX,3430,0.0690637322837836,0.0567524636256245,0,-0.412539504267466,-0.286359298185143,0.000132364092553666,-0.21246240858591,-0.106667620590962,0.14894527492038,0.97757616463503,-0.230495534324158,2.27400962265248
FSPTX,11039,0.128679851868339,0.0951443077591796,0,-0.618145983462584,-0.467262036799457,0.000458660781458051,-0.120121180424143,-0.07905762692652,0.125049696681892,0.985792866462067,-0.162483401924225,1.37384952061749
FSRBX,9784,0.0899278200573062,0.0550175740555607,0,-0.633517032034583,-0.448551320555666,0.000529829925599261,-0.106729982708159,-0.0735179461625608,0.184431818715058,0.988072635251106,-0.0633061554895268,2.03295958873869
FSRFX,9721,0.109001599163612,0.0908766089271995,0,-0.573926278781523,-0.415135867842529,0.0004369782062836,-0.130421962379217,-0.0720499543495768,0.130209683739439,0.985563231320944,-0.159486494050533,2.38319693197485
FSRNX,3429,0.0656369584338773,0.0448263435025018,0,-0.528337899024956,-0.363221527125978,0.000220324149313626,-0.159914328308338,-0.082309809682012,0.138970853878067,0.982462150449185,-0.239392182941325,2.51456504873281
FSRPX,9919,0.126556320453463,0.110277154174443,0,-0.471847802108081,-0.320690293039136,0.000597921743213419,-0.177804565790934,-0.0822270341692237,0.167395438243837,0.980471915250083,-0.206000449885061,2.64012117844094
FSRRX,4940,0.0342353223672505,0.0322796275271304,0,-0.456658049226012,-0.310601968378245,0.000119481503017164,-0.0893807973239011,-0.0366598035097068,0.13089991732482,0.992027835441487,-0.196782339158457,2.71211071493793
FSSMX,3243,0.100912912643493,0.0851864776130651,0,-0.537394875590919,-0.363651633943775,0.000200031228855263,-0.192475908953044,-0.135628907787912,0.158021925616107,0.979147717539252,-0.308076277561708,3.22726182675457
FSSNX,3429,0.0932764106599845,0.0703574691190692,0,-0.523734172609879,-0.372362641757828,0.000165254079850418,-0.175473824825032,-0.106941753319705,0.141062865557406,0.980180203663126,-0.222097695453086,3.53466546226627
FSTCX,10016,0.089083854688239,0.0694218112187073,0,-0.506292032307669,-0.352781132942355,0.000425163919217657,-0.153935617120809,-0.0657007975973772,0.175287745458951,0.983162778361938,-0.167608275140675,2.41201905197023
FSTFX,9660,0.0330465146088082,0.033406879379275,0,-0.069552262781011,-0.0433093328844224,6.59990903680303e-05,-0.0361794879173128,-0.0725597828375746,0.144972267348691,0.999000000008444,0.272401467004848,0.25
FSTGX,9320,0.0425234012908724,0.0428694363834992,0,-0.0924694431449441,-0.0552643524638751,0.000148180563427179,-0.0449941774736626,-0.010648950567966,0.0743819105262932,0.996363463274022,0.177717791122101,0.985817338592346
FSUDX,484,0.0591829650161997,0.0595807642543169,0,-0.0767946078793943,-0.0480971724344309,0.000224403322401733,-10,0.0127315683038597,0.27871826426468,0.130230398214111,-0.0908820262826632,2.04829253969943
FSUTX,10934,0.105350309995911,0.0958355294507973,0,-0.397528967513438,-0.293562124750009,1.60709277057379e-05,-0.0604114497656905,-0.0709907493948715,0.0854742212430713,0.992802827288217,-0.0966452464941902,0.4097492218347
FSUYX,483,0.0666118733246692,0.0669855338321088,0,-0.111016256684771,-0.0724019670504165,0.000217695431569708,-0.863267810314135,-0.0890806329113999,0.0479248969736986,0.922995709707981,-0.043166941346933,2.13347309394692
FSVLX,9919,0.0818390974755331,0.0560403921511545,0,-0.585883106936873,-0.413453625474993,0.000711455695816653,-0.161782507465369,-0.0678466148611533,0.190029330498457,0.982343464490029,-0.113396328107272,2.06830109530213
FSVNX,483,0.0734274814903885,0.07348781685716,0,-0.146045521683702,-0.0984355443897156,0.000217389545173271,-0.632085476736451,-0.0910099080340903,0.0486038223139742,0.94188452884569,-0.0826388024105331,2.11439734049769
FSWDX,481,0.0838111344335541,0.0837029212169462,0,-0.165028546809448,-0.11133885820218,0.000252227508481245,-0.772527041708786,-0.115861534314038,0.0668618261700701,0.927217018312823,-0.0943654277918885,2.54465044439321
FSWOX,482,0.0896001869550276,0.0889609413688934,0,-0.192425837131738,-0.131888474439115,0.000255561493437053,-0.718928577017965,-0.119120840293815,0.0680634520262604,0.930817120600385,-0.110142371708085,2.34021241848205
FSXAX,482,0.0966747119057008,0.0959143606646009,0,-0.204223554966395,-0.138430482189398,0.000284171686142884,-0.700419921082796,-0.125245733403415,0.0647324198638639,0.93179567994873,-0.132109538825472,2.52750779445253
FSXKX,482,0.10885046110239,0.107929079201597,0,-0.219295186082567,-0.148193448735935,0.000329896417192809,-0.776909520254828,-0.148032366621486,0.068722673434864,0.922996075049393,-0.137930995519143,2.51655552994151
FSXVX,482,0.121446259769568,0.119319257251751,0,-0.268194803424295,-0.18585866419073,0.00034058237909103,-0.670995900866192,-0.156690615429754,0.0690008918767934,0.931597121891446,-0.198963563988791,2.77159358601919
FSYHX,482,0.125587256821592,0.122687771885491,0,-0.289175029194463,-0.198502556348234,0.000350378852539518,-0.633035510322575,-0.16289951703667,0.0643396920193351,0.934790612252576,-0.224444589409469,2.8054899531601
FSYJX,806,-0.0183125374230019,-0.0380670382549982,0,-0.397968357161886,-0.315798680755774,-0.00015808324693536,-0.191692397284858,-0.0731574422418261,0.0928900377432532,0.978331405327399,-0.0646272044252132,4.26652040410834
FSYRX,806,0.0127283139561171,-0.00308141575584286,0,-0.371714972256186,-0.291005907420357,1.13625039101443e-05,-0.22805046845924,-0.102795922947216,0.0716390629676968,0.975214950811224,-0.103311674754378,2.54093094631086
FSYWX,482,0.125577945665493,0.12270631960565,0,-0.288846509027506,-0.19955252589365,0.000342919251071447,-0.646111240333972,-0.163345721310466,0.0709736089538008,0.933460760774692,-0.225581100889388,2.75041650107618
FSZHX,482,0.126039717480872,0.123179142743804,0,-0.282716098330664,-0.195033573741302,0.000355357776781478,-0.666112493013006,-0.166315032413395,0.0692821194403823,0.931449373917427,-0.21803230354097,2.61886737097267
FSZSX,482,0.126017946716129,0.123163792935006,0,-0.279676690071957,-0.191800719684949,0.000366777321307347,-0.657280366826394,-0.163489226843732,0.0715575763076484,0.932377725185596,-0.215961957479784,2.77183724845146
FTABX,6049,0.0401865445604387,0.0402285696443419,0,-0.169476256844467,-0.109695677877214,0.000292086844168402,-0.516510180030296,-0.087465126111062,0.339445537651923,0.958811913149023,0.253649003230234,0.444114568966875
FTANX,4415,0.0424841408520577,0.0412029582113587,0,-0.298278113903332,-0.1888722273988,0.000181752008827172,-0.139208330403998,-0.0871494986073876,0.141470373443633,0.987890215774184,-0.268431240989948,3.24071338029026
FTBFX,5670,0.0423632868123938,0.0422649820959471,0,-0.113168313460336,-0.0701015237032328,0.000179604552310451,-0.0761077211137167,-0.0330718404184877,0.0792432374732565,0.993709919449221,0.0224302936591151,1.86487947312467
FTFMX,10282,0.0527766578236916,0.0532430380460822,0,-1,-1,-0.00589209238715391,-1.63191115767228,0.325160499728782,1.6144514018178,0.858716564485251,-0.0302511071421971,3.13147239521828
FTGPX,482,0.125315161609284,0.122371968875677,0,-0.291862225398762,-0.20167056499707,0.000339913885464868,-0.629067347548992,-0.160267741716158,0.0709009011912297,0.935176518465324,-0.219276931699916,2.54075111918893
FTHRX,11425,0.0608975896227417,0.0618413053394604,0,-0.0888475923735372,-0.0600949917755436,2.10807407978438e-05,-0.00880054197200923,-0.0299830849131519,0.0289299934486773,0.999,0.0756386098921396,0.25
FTIEX,4399,0.0377812847144477,0.0167735785786001,0,-0.593749153132199,-0.420777742784383,0.000154978046362551,-0.16952538419977,-0.108323301710812,0.159205880781959,0.981717064279857,-0.245147149740831,2.2416256243874
FTIHX,2230,0.0716616348554599,0.059874220970551,0,-0.417236896342872,-0.287067612657506,0.000250482953180656,-0.243391276622511,-0.0984732835000793,0.15829211446195,0.974725453437557,-0.254429767357148,2.27142486550999
FTQGX,7160,0.089004806906885,0.0685616203484352,0,-0.431551056871239,-0.309002066921271,0.000312565645606275,-0.351747683132519,-0.148077714162861,0.171312542190222,0.960625533949265,-0.314210416805307,3.45995114185907
FTRNX,11425,0.106080718926759,0.0902670646788208,0,-0.483004620184896,-0.338329222074978,0.000449557632761325,-0.215484876420972,-0.0925495090658319,0.176616424586744,0.976546286813563,-0.227330943037134,2.27340686179373
FUAMX,1896,0.0120096422237616,0.010257449037935,0,-0.168578041386367,-0.124994160873985,5.56358618308153e-05,-0.139894170432958,0.00447301313397941,0.170325528502278,0.987697700141164,-0.000575746950241577,3.02354035228755
FULVX,1377,0.0651045028929408,0.0511659413646273,0,-0.375861295704261,-0.261920768416102,0.000125680268098377,-0.291768674665253,-0.159918863885815,0.148971950718016,0.969721843692294,-0.363150204742289,2.56921546439021
FUMBX,1902,0.0173248785549038,0.0171517700159012,0,-0.123070409359832,-0.0854312267699384,4.59140132365552e-05,-0.111848391563241,0.0117860228278129,0.171045806294037,0.991121797315951,0.121316198974051,0.85033166716681
FVDFX,5631,0.08676494606204,0.0694400198887233,0,-0.506329346780564,-0.339057391182023,0.000256504144135518,-0.153947785071408,-0.127252873730582,0.15720814729704,0.98356145033971,-0.262935823159493,2.6169623601972
FWOMX,1503,0.0897066243868838,0.0682777432290316,0,-0.443769978343127,-0.317886535105879,0.000232472825848371,-0.298571945097623,-0.141873692663932,0.195656664238259,0.967113176809867,-0.402279346559631,3.75220271570859
FWRLX,6187,0.0532719287987239,0.0255464822404976,0,-0.552109167020109,-0.385920388471895,0.000380687507083755,-0.126176957780692,-0.096341002247926,0.146831202391885,0.985995970579068,-0.209910739325526,3.0865078373723
FWWFX,8794,0.0827629361290328,0.0703512241898683,0,-0.458694349374355,-0.312696448998495,0.000348621958344279,-0.190320560062237,-0.0931779844064328,0.185082637339676,0.979975366582683,-0.239075198699725,2.2473162431236
FXAIX,3518,0.120174299426533,0.110132260568357,0,-0.311139022517996,-0.198023827194147,0.00030968263457038,-0.363115068341509,-0.190905477625852,0.188661574600336,0.961616508589781,-0.299107002403857,2.25766810761874
FXIFX,3916,0.0752425496398606,0.0709363331446116,0,-0.242993913043689,-0.160092600891995,0.000238794989757342,-0.304530496190002,-0.145337096949947,0.153593430945503,0.970192588618735,-0.255992366143574,2.19166445114282
FXNAX,3518,0.0205125894360245,0.0196570527584012,0,-0.149915923547119,-0.101675555799144,0.000102149644492527,-0.104092558505631,-0.00906132730803536,0.131048150600538,0.991283582326885,-0.0640271033965581,4.51799946623819
FYMRX,806,0.0266126029070446,0.0179378772175565,0,-0.285919551556539,-0.211402892471017,0.000150452178461365,-0.20498931550482,-0.108337207641922,0.0573330317179195,0.979125916774699,-0.0963327376895969,4.28927192743551
FZILX,1693,0.0562228087015585,0.041110436315239,0,-0.484918878456985,-0.347740238001592,9.63327818981006e-05,-0.19677116806589,-0.116476881056538,0.126825493087624,0.978983802716904,-0.28834453432463,2.99468341577977
FZIPX,1654,0.0581305384282545,0.0273156118665756,0,-0.588798620009455,-0.442149216827362,9.89026242602445e-05,-0.252314542035498,-0.117463069669771,0.182162088365429,0.971062975435922,-0.211482480788759,3.81521831870127
FZROX,1693,0.110041591033816,0.0917711080897097,0,-0.387790885943797,-0.266267697254773,0.000352668247552357,-0.327097266409544,-0.172133659317404,0.185806232612879,0.964269790455366,-0.371237708230899,2.74464249539665
SMDMX,8061,0.0383684257292219,0.0384264059784194,0,-0.21050650659949,-0.139749534360075,0.000216400908031443,-0.236991891104197,-0.0488704962806126,0.231507304506434,0.981122232041596,0.160222695685933,0.463012039164962
SPHIX,8730,0.0692491689593503,0.0700670440263795,0,-0.275356894529078,-0.165548958651642,0.000355488500891376,-0.23249365749938,-0.0667814914789478,0.163710539391153,0.98030505722978,0.132520543291242,0.372414827349169
